{
  "baseline_pref": 2.97994455221766,
  "n_heads": 12,
  "layer_effect": {
    "0": -4.914585333586187,
    "1": 0.576913134374294,
    "2": 0.11024233023731682,
    "3": -0.02704022173428804,
    "4": 0.08605173502541516,
    "5": -0.06267568298590591,
    "6": 0.015818529856665365,
    "7": 0.32371922692911853,
    "8": 0.034854587475357766,
    "9": 0.018545491885493526,
    "10": -0.007391510660776835,
    "11": 0.20547867447520368,
    "12": 0.028663051830329956,
    "13": -0.058949853665710795,
    "14": -0.15060777404407927,
    "15": -0.24675005486338958,
    "16": 0.10866192288871393,
    "17": 0.045589958119256035,
    "18": -0.22632174429009738,
    "19": -0.4802627397713618,
    "20": 0.10848442896285918,
    "21": 0.025315102138432088,
    "22": -0.052762775840487205,
    "23": -0.24496940431642455,
    "24": -0.05835355994545255,
    "25": 0.0037158949955898636,
    "26": -0.10246796923514881,
    "27": -0.08360902051823879
  },
  "top_layers": [
    0,
    19,
    15
  ],
  "head_effect": {
    "L0H0": -0.03137311199995922,
    "L0H1": -0.024584640408117142,
    "L0H2": -0.05451405945234002,
    "L0H3": -0.0013217880049242402,
    "L0H4": -0.02344501059726909,
    "L0H5": -0.06427584754801999,
    "L0H6": 0.008180967280724084,
    "L0H7": -0.007304622649638937,
    "L0H8": 0.02417249920437019,
    "L0H9": 0.06236059470621926,
    "L0H10": -0.03633787206153727,
    "L0H11": 0.0012386065949768544,
    "L19H0": -0.0462571020884206,
    "L19H1": -0.05154436317056268,
    "L19H2": -0.017426491672064958,
    "L19H3": -0.12850326698784809,
    "L19H4": -0.0059606414471635285,
    "L19H5": -0.08801923528571401,
    "L19H6": 0.06625915640096158,
    "L19H7": -0.02064143659688362,
    "L19H8": 0.006472239379238953,
    "L19H9": -0.0557095312363316,
    "L19H10": 0.017313454560187493,
    "L19H11": -0.1323039543814958,
    "L15H0": 0.07750731901997421,
    "L15H1": 0.08912762057778352,
    "L15H2": 0.056083718635761136,
    "L15H3": -0.10388983236991649,
    "L15H4": 0.022016279239178527,
    "L15H5": -0.12421260385886317,
    "L15H6": -0.10919526317119432,
    "L15H7": 0.01713123768123177,
    "L15H8": -0.024884034964779554,
    "L15H9": -0.0025509690564436303,
    "L15H10": -0.03914279067323392,
    "L15H11": 0.013297192674654212
  },
  "top_heads": [
    "L19H11",
    "L19H3",
    "L15H5",
    "L15H6",
    "L15H3",
    "L19H5"
  ],
  "induction": {
    "L19H11": {
      "attn_to_prior_command": 0.02586430124938488,
      "head_ablation_delta_pref": -0.1323039543814958
    },
    "L19H3": {
      "attn_to_prior_command": 0.9712091088294983,
      "head_ablation_delta_pref": -0.12850326698784809
    },
    "L15H5": {
      "attn_to_prior_command": 0.004824405070394278,
      "head_ablation_delta_pref": -0.12421260385886317
    },
    "L15H6": {
      "attn_to_prior_command": 0.13382738828659058,
      "head_ablation_delta_pref": -0.10919526317119432
    },
    "L15H3": {
      "attn_to_prior_command": 0.1302773356437683,
      "head_ablation_delta_pref": -0.10388983236991649
    },
    "L19H5": {
      "attn_to_prior_command": 0.8262394070625305,
      "head_ablation_delta_pref": -0.08801923528571401
    }
  }
}