{
  "model": "Qwen/Qwen2.5-Coder-1.5B-Instruct",
  "n_scen": 72,
  "K": 4,
  "contrasts": {
    "loop_vs_prog": {
      "length_only_auc": 0.9998070987654322,
      "by_layer": {
        "0": {
          "auc": 1.0,
          "sd": 0.0,
          "len_corr": 0.8171140834353806
        },
        "1": {
          "auc": 1.0,
          "sd": 0.0,
          "len_corr": 0.7617776829692198
        },
        "2": {
          "auc": 1.0,
          "sd": 0.0,
          "len_corr": 0.8218025358602661
        },
        "3": {
          "auc": 1.0,
          "sd": 0.0,
          "len_corr": 0.822696726292439
        },
        "4": {
          "auc": 1.0,
          "sd": 0.0,
          "len_corr": 0.8227278433844003
        },
        "5": {
          "auc": 1.0,
          "sd": 0.0,
          "len_corr": 0.8207887699600699
        },
        "6": {
          "auc": 1.0,
          "sd": 0.0,
          "len_corr": 0.8271590078407022
        },
        "7": {
          "auc": 1.0,
          "sd": 0.0,
          "len_corr": 0.8309406813726645
        },
        "8": {
          "auc": 1.0,
          "sd": 0.0,
          "len_corr": 0.8258641306387727
        },
        "9": {
          "auc": 1.0,
          "sd": 0.0,
          "len_corr": 0.8296374456875287
        },
        "10": {
          "auc": 1.0,
          "sd": 0.0,
          "len_corr": 0.8398633903969159
        },
        "11": {
          "auc": 1.0,
          "sd": 0.0,
          "len_corr": 0.8445215383803163
        },
        "12": {
          "auc": 1.0,
          "sd": 0.0,
          "len_corr": 0.8466441433369765
        },
        "13": {
          "auc": 1.0,
          "sd": 0.0,
          "len_corr": 0.8453324968098651
        },
        "14": {
          "auc": 1.0,
          "sd": 0.0,
          "len_corr": 0.8437597282802461
        },
        "15": {
          "auc": 1.0,
          "sd": 0.0,
          "len_corr": 0.8392773303350393
        },
        "16": {
          "auc": 1.0,
          "sd": 0.0,
          "len_corr": 0.8385771377307947
        },
        "17": {
          "auc": 1.0,
          "sd": 0.0,
          "len_corr": 0.8390885686091033
        },
        "18": {
          "auc": 1.0,
          "sd": 0.0,
          "len_corr": 0.8369557146864043
        },
        "19": {
          "auc": 1.0,
          "sd": 0.0,
          "len_corr": 0.8389825469628384
        },
        "20": {
          "auc": 1.0,
          "sd": 0.0,
          "len_corr": 0.837494562399007
        },
        "21": {
          "auc": 1.0,
          "sd": 0.0,
          "len_corr": 0.8448546344140734
        },
        "22": {
          "auc": 1.0,
          "sd": 0.0,
          "len_corr": 0.8452072332565547
        },
        "23": {
          "auc": 1.0,
          "sd": 0.0,
          "len_corr": 0.848595252643508
        },
        "24": {
          "auc": 1.0,
          "sd": 0.0,
          "len_corr": 0.8484909818095331
        },
        "25": {
          "auc": 1.0,
          "sd": 0.0,
          "len_corr": 0.8477557235868948
        },
        "26": {
          "auc": 1.0,
          "sd": 0.0,
          "len_corr": 0.8475263123571228
        },
        "27": {
          "auc": 1.0,
          "sd": 0.0,
          "len_corr": 0.8470490472596901
        }
      },
      "peak_layer": 0
    },
    "loop_vs_vfail": {
      "length_only_auc": 0.8981481481481481,
      "by_layer": {
        "0": {
          "auc": 1.0,
          "sd": 0.0,
          "len_corr": 0.5825251564592905
        },
        "1": {
          "auc": 1.0,
          "sd": 0.0,
          "len_corr": 0.6032140319689384
        },
        "2": {
          "auc": 1.0,
          "sd": 0.0,
          "len_corr": 0.6490635908387454
        },
        "3": {
          "auc": 1.0,
          "sd": 0.0,
          "len_corr": 0.6604429261777122
        },
        "4": {
          "auc": 1.0,
          "sd": 0.0,
          "len_corr": 0.6660720653018487
        },
        "5": {
          "auc": 1.0,
          "sd": 0.0,
          "len_corr": 0.6376694853680153
        },
        "6": {
          "auc": 1.0,
          "sd": 0.0,
          "len_corr": 0.6323034115062844
        },
        "7": {
          "auc": 1.0,
          "sd": 0.0,
          "len_corr": 0.6318065771570647
        },
        "8": {
          "auc": 1.0,
          "sd": 0.0,
          "len_corr": 0.63477279466259
        },
        "9": {
          "auc": 1.0,
          "sd": 0.0,
          "len_corr": 0.6330315831283906
        },
        "10": {
          "auc": 1.0,
          "sd": 0.0,
          "len_corr": 0.6298921760357468
        },
        "11": {
          "auc": 1.0,
          "sd": 0.0,
          "len_corr": 0.621720154186126
        },
        "12": {
          "auc": 1.0,
          "sd": 0.0,
          "len_corr": 0.6219649449990143
        },
        "13": {
          "auc": 1.0,
          "sd": 0.0,
          "len_corr": 0.622848573611446
        },
        "14": {
          "auc": 1.0,
          "sd": 0.0,
          "len_corr": 0.6235707490013583
        },
        "15": {
          "auc": 1.0,
          "sd": 0.0,
          "len_corr": 0.6238372706532137
        },
        "16": {
          "auc": 1.0,
          "sd": 0.0,
          "len_corr": 0.6253123025260762
        },
        "17": {
          "auc": 1.0,
          "sd": 0.0,
          "len_corr": 0.625629069110782
        },
        "18": {
          "auc": 1.0,
          "sd": 0.0,
          "len_corr": 0.6284458649583292
        },
        "19": {
          "auc": 1.0,
          "sd": 0.0,
          "len_corr": 0.6296398922789718
        },
        "20": {
          "auc": 1.0,
          "sd": 0.0,
          "len_corr": 0.6277196240798716
        },
        "21": {
          "auc": 1.0,
          "sd": 0.0,
          "len_corr": 0.6151601364900084
        },
        "22": {
          "auc": 1.0,
          "sd": 0.0,
          "len_corr": 0.6128558207217396
        },
        "23": {
          "auc": 1.0,
          "sd": 0.0,
          "len_corr": 0.6079794655541272
        },
        "24": {
          "auc": 1.0,
          "sd": 0.0,
          "len_corr": 0.6105402498430685
        },
        "25": {
          "auc": 1.0,
          "sd": 0.0,
          "len_corr": 0.6104163500509413
        },
        "26": {
          "auc": 1.0,
          "sd": 0.0,
          "len_corr": 0.6170379094424405
        },
        "27": {
          "auc": 1.0,
          "sd": 0.0,
          "len_corr": 0.6130332988892775
        }
      },
      "peak_layer": 0
    },
    "vfail_vs_prog": {
      "length_only_auc": 1.0,
      "by_layer": {
        "0": {
          "auc": 1.0,
          "sd": 0.0,
          "len_corr": 0.9376702802432622
        },
        "1": {
          "auc": 1.0,
          "sd": 0.0,
          "len_corr": 0.8637371017430066
        },
        "2": {
          "auc": 1.0,
          "sd": 0.0,
          "len_corr": 0.9300037809883311
        },
        "3": {
          "auc": 1.0,
          "sd": 0.0,
          "len_corr": 0.9317045525675619
        },
        "4": {
          "auc": 1.0,
          "sd": 0.0,
          "len_corr": 0.9345229876537301
        },
        "5": {
          "auc": 1.0,
          "sd": 0.0,
          "len_corr": 0.9244439686312287
        },
        "6": {
          "auc": 1.0,
          "sd": 0.0,
          "len_corr": 0.9352288110364355
        },
        "7": {
          "auc": 1.0,
          "sd": 0.0,
          "len_corr": 0.9503213056590397
        },
        "8": {
          "auc": 1.0,
          "sd": 0.0,
          "len_corr": 0.9532469956181202
        },
        "9": {
          "auc": 1.0,
          "sd": 0.0,
          "len_corr": 0.9534080617785605
        },
        "10": {
          "auc": 1.0,
          "sd": 0.0,
          "len_corr": 0.953129618906856
        },
        "11": {
          "auc": 1.0,
          "sd": 0.0,
          "len_corr": 0.9505908533344769
        },
        "12": {
          "auc": 1.0,
          "sd": 0.0,