{
  "model": "Qwen/Qwen2.5-Coder-1.5B-Instruct",
  "n_scen": 60,
  "K": 4,
  "contrasts": {
    "REP_loopfail_vs_vfail": {
      "length_only_auc": 0.5,
      "peak_layer": 0,
      "by_layer": {
        "0": {
          "auc": 1.0,
          "sd": 0.0,
          "len_corr": 0.005589836991880244
        },
        "1": {
          "auc": 1.0,
          "sd": 0.0,
          "len_corr": 0.016434173429368128
        },
        "2": {
          "auc": 1.0,
          "sd": 0.0,
          "len_corr": 0.04814258791104207
        },
        "3": {
          "auc": 1.0,
          "sd": 0.0,
          "len_corr": 0.041672299499913856
        },
        "4": {
          "auc": 1.0,
          "sd": 0.0,
          "len_corr": 0.08128589264952027
        },
        "5": {
          "auc": 1.0,
          "sd": 0.0,
          "len_corr": 0.04752571449885467
        },
        "6": {
          "auc": 1.0,
          "sd": 0.0,
          "len_corr": 0.004719931692909265
        },
        "7": {
          "auc": 1.0,
          "sd": 0.0,
          "len_corr": 0.05119499603814063
        },
        "8": {
          "auc": 1.0,
          "sd": 0.0,
          "len_corr": 0.05018038465269461
        },
        "9": {
          "auc": 1.0,
          "sd": 0.0,
          "len_corr": 0.027316740842768444
        },
        "10": {
          "auc": 1.0,
          "sd": 0.0,
          "len_corr": 0.004549794382046469
        },
        "11": {
          "auc": 1.0,
          "sd": 0.0,
          "len_corr": 0.03229294831907907
        },
        "12": {
          "auc": 1.0,
          "sd": 0.0,
          "len_corr": 0.042708867601151224
        },
        "13": {
          "auc": 1.0,
          "sd": 0.0,
          "len_corr": 0.02757466949744802
        },
        "14": {
          "auc": 1.0,
          "sd": 0.0,
          "len_corr": 0.04397694078616512
        },
        "15": {
          "auc": 1.0,
          "sd": 0.0,
          "len_corr": 0.07953580209395804
        },
        "16": {
          "auc": 1.0,
          "sd": 0.0,
          "len_corr": 0.08895675382335488
        },
        "17": {
          "auc": 1.0,
          "sd": 0.0,
          "len_corr": 0.0709309627339384
        },
        "18": {
          "auc": 1.0,
          "sd": 0.0,
          "len_corr": 0.07632252293682801
        },
        "19": {
          "auc": 1.0,
          "sd": 0.0,
          "len_corr": 0.03017020583653891
        },
        "20": {
          "auc": 1.0,
          "sd": 0.0,
          "len_corr": 0.08536344614825489
        },
        "21": {
          "auc": 1.0,
          "sd": 0.0,
          "len_corr": 0.09742247257249338
        },
        "22": {
          "auc": 1.0,
          "sd": 0.0,
          "len_corr": 0.08230712878016798
        },
        "23": {
          "auc": 1.0,
          "sd": 0.0,
          "len_corr": 0.06190377961031807
        },
        "24": {
          "auc": 1.0,
          "sd": 0.0,
          "len_corr": 0.0758740902328125
        },
        "25": {
          "auc": 1.0,
          "sd": 0.0,
          "len_corr": 0.06293648721862108
        },
        "26": {
          "auc": 1.0,
          "sd": 0.0,
          "len_corr": 0.05169752733662812
        },
        "27": {
          "auc": 1.0,
          "sd": 0.0,
          "len_corr": 0.03483412052524142
        }
      }
    },
    "STUCK_loopfail_vs_loopprog": {
      "length_only_auc": 0.5,
      "peak_layer": 2,
      "by_layer": {
        "0": {
          "auc": 0.763888888888889,
          "sd": 0.011620278146306643,
          "len_corr": 0.14389849783194544
        },
        "1": {
          "auc": 0.9805555555555555,
          "sd": 0.013465777381711994,
          "len_corr": 0.14067304106094192
        },
        "2": {
          "auc": 1.0,
          "sd": 0.0,
          "len_corr": 0.009514219688059098
        },
        "3": {
          "auc": 1.0,
          "sd": 0.0,
          "len_corr": 0.09504382625924875
        },
        "4": {
          "auc": 1.0,
          "sd": 0.0,
          "len_corr": 0.06779322822469476
        },
        "5": {
          "auc": 1.0,
          "sd": 0.0,
          "len_corr": 0.05754957464803335
        },
        "6": {
          "auc": 1.0,
          "sd": 0.0,
          "len_corr": 0.04970646831640974
        },
        "7": {
          "auc": 1.0,
          "sd": 0.0,
          "len_corr": 0.007158242663440875
        },
        "8": {
          "auc": 1.0,
          "sd": 0.0,
          "len_corr": 0.011187925844554863
        },
        "9": {
          "auc": 1.0,
          "sd": 0.0,
          "len_corr": 0.011258389784246575
        },
        "10": {
          "auc": 1.0,
          "sd": 0.0,
          "len_corr": 0.002095944846341403
        },
        "11": {
          "auc": 1.0,
          "sd": 0.0,
          "len_corr": 0.009256747724611023
        },
        "12": {
          "auc": 1.0,
          "sd": 0.0,
          "len_corr": 0.0005780719505694852
        },
        "13": {
          "auc": 1.0,
          "sd": 0.0,
          "len_corr": 0.016296431970032055
        },
        "14": {
          "auc": 1.0,
          "sd": 0.0,
          "len_corr": 0.009625482922893567
        },
        "15": {
          "auc": 1.0,
          "sd": 0.0,
          "len_corr": 0.005086111789911517
        },
        "16": {
          "auc": 1.0,
          "sd": 0.0,
          "len_corr": 0.0056999080382904984
        },
        "17": {
          "auc": 1.0,
          "sd": 0.0,
          "len_corr": 0.0034028168894215016
        },
        "18": {
          "auc": 1.0,
          "sd": 0.0,
          "len_corr": 0.008879130008364685
        },
        "19": {
          "auc": 1.0,
          "sd": 0.0,
          "len_corr": 0.013254997448548437
        },
        "20": {
          "auc": 1.0,
          "sd": 0.0,
          "len_corr": 0.028105788794502477
        },
        "21": {
          "auc": 1.0,
          "sd": 0.0,
          "len_corr": 0.026441010335921566
        },
        "22": {
          "auc": 1.0,
          "sd": 0.0,
          "len_corr": 0.032279052691410993
        },
        "23": {
          "auc": 1.0,
          "sd": 0.0,
          "len_corr": 0.039713407195864074
        },
        "24": {
          "auc": 1.0,
          "sd": 0.0,
          "len_corr": 0.04053155432445761
        },
        "25": {
          "auc": 1.0,
          "sd": 0.0,
          "len_corr": 0.04133020980541062
        },
        "26": {
          "auc": 1.0,
          "sd": 0.0,
          "len_corr": 0.04134070625639533
        },
        "27": {
          "auc": 1.0,
          "sd": 0.0,
          "len_corr": 0.029585476918519496
        }
      }
    }
  }
}