{
  "baseline_pref": 0.34770352776267577,
  "best_dir": "STUCK",
  "best_layer": 8,
  "best_sign": -1,
  "scan": {
    "REP_L4_s+1": 0.060488206927118995,
    "REP_L4_s-1": -0.06753299361950679,
    "REP_L8_s+1": 0.10908255808458725,
    "REP_L8_s-1": -0.060385009516276775,
    "REP_L12_s+1": 0.09288166719718013,
    "REP_L12_s-1": -0.055495808926465176,
    "REP_L16_s+1": 0.12363169815218751,
    "REP_L16_s-1": -0.061712215236537346,
    "REP_L20_s+1": 0.053228030085544976,
    "REP_L20_s-1": -0.04668357939501938,
    "REP_L24_s+1": 0.02056094864974801,
    "REP_L24_s-1": -0.020067814790102,
    "STUCK_L4_s+1": 0.005775555029039081,
    "STUCK_L4_s-1": 0.011882798871979083,
    "STUCK_L8_s+1": 0.16088043864053597,
    "STUCK_L8_s-1": -0.1679745990301909,
    "STUCK_L12_s+1": 0.09787499135930469,
    "STUCK_L12_s-1": -0.06040495447527526,
    "STUCK_L16_s+1": 0.12956873024356244,
    "STUCK_L16_s-1": -0.1177863616882561,
    "STUCK_L20_s+1": 0.03620846029659584,
    "STUCK_L20_s-1": -0.02457933701793007,
    "STUCK_L24_s+1": -0.021791788782930466,
    "STUCK_L24_s-1": 0.01935743562689237
  },
  "steering": {
    "best": {
      "alpha": [
        2.0,
        4.0,
        6.0,
        8.0,
        12.0
      ],
      "delta_pref": [
        -0.04833771006353583,
        -0.09477082984245837,
        -0.14101507491578852,
        -0.1859506127572418,
        -0.2289932113794407
      ],
      "ci_lo": [
        -0.056674331664114654,
        -0.11178001060696033,
        -0.1637019319228629,
        -0.21594444948465183,
        -0.2655292275021297
      ],
      "ci_hi": [
        -0.04044962586486008,
        -0.0804491173193438,
        -0.1205711447584809,
        -0.15902366579519522,
        -0.19091316225932478
      ],
      "novel_logp": [
        -1.8069676961475636,
        -1.8046848625659664,
        -1.79238091853877,
        -1.7770200395245166,
        -1.77730538612508
      ]
    },
    "random": {
      "alpha": [
        2.0,
        4.0,
        6.0,
        8.0,
        12.0
      ],
      "delta_pref": [
        0.0069903682108313605,
        0.013081911126065143,
        0.01977354633461088,
        0.030515750570525912,
        0.0786594728365834
      ],
      "ci_lo": [
        0.0012165827714854935,
        0.0012027127067648197,
        0.0031875678715096536,
        0.009583442898550008,
        0.05829173742924671
      ],
      "ci_hi": [
        0.013581122497623893,
        0.026033347221887843,
        0.03764689631747348,
        0.052468616659959354,
        0.10329526060231031
      ],
      "novel_logp": [
        -1.8027677299367535,
        -1.8019170765353216,
        -1.8022156062875836,
        -1.8093505326432382,
        -1.8817888590840883
      ]
    },
    "orthogonal": {
      "alpha": [
        2.0,
        4.0,
        6.0,
        8.0,
        12.0
      ],
      "delta_pref": [
        0.006488866938105747,
        0.012060039065294964,
        0.018226721851269723,
        0.028448767165772264,
        0.07550153753006719
      ],
      "ci_lo": [
        0.0002922067199162644,
        -7.722310854088669e-05,
        0.0013862978467964276,
        0.008081985738720383,
        0.05437057812841257
      ],
      "ci_hi": [
        0.013488138744147407,
        0.024760769015224723,
        0.0358061346935351,
        0.05023692082087689,
        0.09965406158649333
      ],
      "novel_logp": [
        -1.8028484990124256,
        -1.802121834403072,
        -1.802580412769807,
        -1.809912981323836,
        -1.8827345820774546
      ]
    }
  },
  "ablation": {
    "mean": 0.018619930400309386,
    "ci": [
      0.003524362647663573,
      0.032271271105734994
    ]
  }
}