{
  "n_features_v1": 46,
  "n_features_v2": 114,
  "val_auc_v1": 0.7209626158165455,
  "val_auc_v2": 0.7246704598935925,
  "val_ablation_sorted": [
    [
      "adv_workflow",
      0.004871579461962594
    ],
    [
      "adv_timesince",
      0.003603432889283109
    ],
    [
      "adv_sequence",
      5.7814342679041175e-05
    ],
    [
      "adv_windows",
      -3.6692133491667e-05
    ],
    [
      "adv_interactions",
      -0.000278654121250721
    ],
    [
      "adv_errors",
      -0.0007912947023984707
    ]
  ],
  "candidates_val": {
    "full_v2": 0.7246704598935925,
    "focused": 0.7258580701035066,
    "focused_tuned": 0.7227286705941272
  },
  "winner": "focused",
  "winner_val_auc": 0.7258580701035066,
  "test": {
    "auc_v1": 0.7214269309055822,
    "auc_v2": 0.7211026698896879,
    "delta_point": -0.00032426101589433376,
    "delta_lo": -0.006520367279871741,
    "delta_hi": 0.004922741852202854,
    "frac_v2_better": 0.469,
    "n_boot": 1000
  },
  "winner_test_auprc": 0.7883845777331749,
  "winner_test_ece": 0.026456132160283016
}